casilla_id,distrito_fed_17,distrito_fed_12,distrito_loc_17,distrito_loc_12,are,seccion,casilla,tipo_seccion,pri_pvem,pan_na,prd,pt,mc,otros,total,ln,tamano_md,tamano_gd,region,casilla_ex,rural,ln_total
5750,13,13,19,19,13-62,2831,B-C,U,108,221,63,5,8,15,420,730,1,0,2,0,0,730
4050,8,8,14,13,8-53,2238,B-C,R,115,147,6,3,0,12,283,506,1,0,2,0,1,506
214,4,1,1,1,1-69,2401,B-C,M,143,168,4,3,0,11,329,525,1,0,1,0,0,525
1408,5,5,5,5,5-61,1784,B-C,U,129,139,6,3,3,6,286,476,0,0,1,0,0,476
4068,8,8,14,13,8-63,2246,B-C,U,90,186,13,1,0,11,301,595,1,0,2,0,0,595
3008,7,7,10,10,7-35,2459,B-C,U,91,237,3,1,1,9,342,473,0,0,1,0,0,473
3680,15,9,12,12,9-78,1060,B-C,U,187,230,20,8,7,8,460,710,1,0,1,0,0,710
2613,2,2,9,9,2-15,175,B-C,M,162,195,9,5,3,26,400,702,1,0,2,0,0,702
1117,6,3,4,4,3-29,1343,B-C,U,163,179,3,2,1,6,354,540,1,0,1,0,0,540
5200,2,2,17,17,2-68,622,B-C,M,52,164,17,3,5,16,257,475,0,0,2,0,0,475
5719,13,13,19,19,13-56,2817,B-C,M,45,237,76,7,4,42,411,644,1,0,2,0,0,644
6002,10,10,20,20,10-62,2790,B-C,U,160,190,6,1,1,13,371,673,1,0,2,0,0,673
4624,8,8,17,15,8-10,2914,B-C,M,79,236,18,19,3,8,363,539,1,0,2,0,0,539
6472,14,14,22,22,14-2,61,B-C,U,130,165,21,9,4,9,338,485,0,0,2,0,0,485
2631,2,2,9,9,2-16,185,B-C,U,202,118,4,2,0,14,340,653,1,0,2,0,0,653
2518,9,7,13,8,7-97,2723,B-C,R,133,151,10,3,1,11,309,617,0,0,1,0,1,617
2784,1,4,8,9,4-30,802,B-C,M,164,127,10,5,4,29,339,531,1,0,1,0,0,531
4412,12,12,15,15,12-48,377,B-C,U,130,188,16,9,2,7,352,498,0,0,2,0,0,498
6204,10,13,19,21,13-24,673,B-C,U,120,166,14,1,2,7,310,429,0,0,2,0,0,429
4750,12,12,16,16,12-30,359,B-C,U,127,229,33,6,5,10,410,628,1,0,2,0,0,628
453,1,1,2,2,1-47,2558,B-C,U,145,162,17,5,10,17,356,636,1,0,2,0,0,636
5073,14,14,9,17,14-54,290,B-C,U,109,187,34,4,2,8,344,544,1,0,2,0,0,544
1411,5,5,7,5,5-39,1786,B-C,U,185,191,9,0,3,14,402,619,1,0,1,0,0,619
5402,13,11,10,18,11-90,730,B-C,R,29,15,10,1,0,1,56,85,0,0,1,0,1,85
5700,13,13,19,19,13-52,1195,B-C,M,128,169,9,2,5,10,323,644,1,0,2,0,0,644
4089,8,8,14,13,8-58,2258,B-C,R,54,216,12,5,1,13,301,435,0,0,2,0,1,435
1648,6,6,6,6,6-65,1540,B-C,U,109,108,18,5,2,6,248,422,0,0,1,0,0,422
1689,11,6,6,6,6-54,1568,B-C,U,145,153,7,2,3,6,316,467,0,0,1,0,0,467
4541,12,13,15,15,13-13,491,B-C,U,129,165,18,4,0,13,329,580,1,0,2,0,0,580
3318,15,9,12,11,9-66,1052,B-C,U,170,207,8,8,2,9,404,694,1,0,1,0,0,694
6033,10,10,20,20,10-69,2801,B-C,U,149,244,19,1,2,16,431,671,1,0,2,0,0,671
3428,9,9,11,11,9-5,1122,B-C,R,63,239,4,4,1,17,328,590,1,0,1,0,1,590
5694,13,13,19,19,13-50,1192,B-C,R,51,178,19,5,2,11,266,485,1,0,2,0,1,485
5928,10,10,20,20,10-3,1867,B-C,U,105,190,27,4,8,10,344,516,1,0,2,0,0,516
528,1,1,2,2,1-57,2598,B-C,R,200,133,22,6,2,16,379,675,1,0,2,0,1,675
5326,7,11,10,18,11-98,571,B-C,U,353,391,5,5,0,11,765,636,1,0,1,0,0,636
4586,12,13,15,15,13-15,534,B-C,R,54,171,4,3,1,5,238,381,0,0,2,0,1,381
1565,5,6,5,5,6-82,1858,B-C,U,178,137,9,1,2,8,335,509,1,0,1,0,0,509
2594,2,2,9,9,2-14,169,B-C,U,149,210,22,6,3,17,407,675,1,0,2,0,0,675
1998,6,6,21,7,6-42,1531,B-C,U,150,196,17,6,5,6,380,584,1,0,1,0,0,584
4692,12,12,16,16,12-31,338,B-C,U,144,203,38,6,3,21,415,615,1,0,2,0,0,615
6689,14,14,22,22,14-92,1232,B-C,R,49,94,21,1,2,5,172,389,0,0,2,0,1,389
6253,10,13,19,21,13-32,692,B-C,U,152,152,18,1,1,11,335,663,1,0,2,0,0,663
2649,2,2,9,9,2-28,195,B-C,R,77,155,3,6,0,16,257,484,0,0,2,0,1,484
1956,6,3,7,7,3-57,1418,B-C,U,105,136,8,2,0,8,259,377,0,0,1,0,0,377
6047,10,10,20,20,10-71,2807,B-C,U,178,210,19,6,1,27,441,701,1,0,2,0,0,701
1247,3,3,4,4,3-79,1496,B-C,NA,145,131,3,2,0,7,288,746,0,1,1,0,0,746
2135,11,6,6,7,6-19,1646,B-C,U,180,145,7,6,0,14,352,644,1,0,1,0,0,644
6481,14,14,22,22,14-8,66,B-C,U,101,102,28,8,5,13,257,390,0,0,2,0,0,390
1879,6,3,7,7,3-44,1370,B-C,U,154,161,6,1,1,9,332,513,1,0,1,0,0,513
5865,13,13,19,19,13-89,2874,B-C,R,49,155,94,21,3,38,360,655,1,0,2,0,1,655
5543,7,11,18,18,11-12,1976,B-C,M,166,115,26,4,2,5,318,607,1,0,1,0,0,607
5997,10,10,20,20,10-48,2653,B-C,R,115,182,2,1,1,16,317,616,0,0,2,0,1,616
2917,13,7,13,10,7-16,2066,B-C,U,108,158,51,5,0,11,333,546,1,0,1,0,0,546
869,5,5,7,3,5-58,1766,B-C,U,187,203,6,3,3,12,414,684,1,0,1,0,0,684
5501,7,11,18,18,11-47,1957,B-C,R,79,174,12,1,1,14,281,483,0,0,1,0,1,483
2197,4,4,8,8,4-42,826,B-C,U,138,97,17,5,4,8,269,475,0,0,1,0,0,475
4306,8,8,17,14,8-31,2625,B-C,U,139,208,10,4,0,11,372,627,1,0,2,0,0,627
4164,8,8,14,14,8-84,2147,B-C,U,127,105,19,15,7,8,281,410,0,0,2,0,0,410
4800,12,12,16,16,12-19,423,B-C,U,93,89,11,2,3,12,210,376,0,0,2,0,0,376
5379,13,11,10,18,11-89,717,B-C,U,102,111,47,5,0,13,278,425,0,0,1,0,0,425
2261,4,4,8,8,4-57,857,B-C,U,214,127,32,8,4,20,405,703,1,0,1,0,0,703
4387,12,12,16,15,12-34,361,B-C,U,147,208,23,6,4,32,420,672,1,0,2,0,0,672
2101,11,6,21,7,6-25,1642,B-C,U,179,206,6,6,0,5,402,708,0,1,1,0,0,708
764,3,5,7,3,5-23,1717,B-C,U,128,146,8,2,0,4,288,407,0,0,1,0,0,407
2794,1,4,1,9,4-26,807,B-C,R,102,84,12,3,0,21,222,519,1,0,1,0,1,519
3432,9,9,11,11,9-4,1123,B-C,R,56,129,15,2,3,16,221,529,1,0,1,0,1,529
5616,7,11,18,18,11-28,2016,B-C,U,166,66,10,8,1,17,268,446,0,0,1,0,0,446
1404,5,5,5,5,5-63,1782,B-C,U,157,179,8,1,1,12,358,599,1,0,1,0,0,599
4025,8,8,14,13,8-99,2197,B-C,U,168,190,18,5,7,12,400,693,1,0,2,0,0,693
1202,3,3,3,4,3-71,1480,B-C,R,221,143,6,6,0,5,381,550,1,0,1,0,1,550
5112,14,14,9,17,14-63,305,B-C,R,181,163,20,3,4,12,383,699,1,0,2,0,1,699
621,3,5,3,3,5-4,1267,B-C,U,169,147,6,3,1,16,342,609,1,0,1,0,0,609
1758,11,6,6,6,6-72,1609,B-C,U,181,203,4,3,0,9,400,658,1,0,1,0,0,658
231,4,1,1,1,1-79,2412,B-C,R,90,54,41,6,0,15,206,424,0,0,1,0,1,424
5053,14,14,22,17,14-50,279,B-C,R,53,66,0,7,58,10,194,383,0,0,2,0,1,383
5704,13,13,19,19,13-51,1197,B-C,R,148,195,5,0,0,4,352,492,1,0,2,0,1,492
5277,14,10,15,17,10-51,2752,B-C,U,91,226,45,0,1,6,369,548,1,0,2,0,0,548
4380,12,12,16,15,12-35,348,B-C,U,120,179,21,9,0,18,347,612,1,0,2,0,0,612
3602,15,9,12,12,9-41,991,B-C,U,131,96,2,2,1,9,241,383,0,0,1,0,0,383
319,1,2,2,2,2-96,749,B-C,R,203,143,48,7,28,23,452,729,1,0,2,0,1,729
1882,3,3,7,7,3-45,1371,B-C,U,108,119,8,2,1,2,240,387,0,0,1,0,0,387
845,5,5,5,3,5-57,1754,B-C,U,194,228,12,1,2,17,454,726,1,0,1,0,0,726
4918,2,12,16,16,12-73,518,B-C,U,176,173,65,5,2,20,441,745,1,0,2,0,0,745
2000,6,6,21,7,6-42,1532,B-C,U,184,263,15,2,2,12,478,714,1,0,1,0,0,714
1824,11,6,6,6,6-78,1650,B-C,U,216,96,4,1,8,11,336,570,1,0,1,0,0,570
821,5,5,7,3,5-27,1744,B-C,U,131,152,6,1,2,10,302,453,0,0,1,0,0,453
4219,8,8,14,14,8-44,2209,B-C,R,165,103,8,3,1,15,295,530,1,0,2,0,1,530
3188,9,7,13,10,7-91,2726,B-C,R,131,95,10,3,1,7,247,395,1,0,1,0,1,395
2681,2,2,9,9,2-41,214,E,R,187,63,16,3,2,17,288,551,1,0,2,1,1,551
665,3,5,3,3,5-6,1676,B-C,U,180,223,15,1,1,14,434,630,1,0,1,0,0,630
4458,12,12,15,15,12-52,412,B-C,U,155,230,39,16,7,17,464,693,0,1,2,0,0,693
5648,13,11,18,19,11-51,921,B-C,R,73,123,72,4,0,14,286,422,0,0,1,0,1,422
4385,12,12,16,15,12-34,360,B-C,U,149,187,12,3,3,18,372,612,1,0,2,0,0,612
1391,5,6,6,5,6-11,1507,B-C,R,83,159,1,2,1,9,255,386,0,0,1,0,1,386
2549,2,2,9,9,2-10,150,B-C,U,93,146,12,2,2,0,255,401,0,0,2,0,0,401
6414,10,10,20,21,10-38,2326,B-C,U,100,194,12,3,0,15,324,615,1,0,2,0,0,615
5242,2,2,17,17,2-67,642,B-C,R,82,123,17,9,0,23,254,453,0,0,2,0,1,453
3643,15,4,12,12,4-94,1029,B-C,U,170,161,5,3,0,7,346,580,1,0,1,0,0,580
1888,3,3,7,7,3-48,1374,B-C,U,118,181,7,3,3,12,324,482,0,0,1,0,0,482
236,4,1,1,1,1-75,2414,B-C,R,171,62,30,5,1,18,287,565,1,0,1,0,1,565
5875,13,13,19,19,13-84,2877,B-C,R,64,164,70,1,3,19,321,531,1,0,2,0,1,531
4095,8,8,14,13,8-52,2261,B-C,R,68,165,7,0,2,18,260,551,1,0,2,0,1,551
2026,11,6,21,7,6-36,1585,B-C,U,163,216,11,7,2,13,412,679,1,0,1,0,0,679
4945,12,12,15,16,12-79,543,B-C,U,139,173,6,4,0,10,332,590,1,0,2,0,0,590
5159,14,14,9,17,14-72,328,B-C,M,98,155,10,5,8,14,290,538,1,0,2,0,0,538
3571,15,9,11,12,9-38,971,B-C,U,111,143,12,1,1,10,278,447,0,0,1,0,0,447
2047,11,6,21,7,6-33,1631,B-C,U,201,139,7,6,1,13,367,672,1,0,1,0,0,672
1437,5,5,5,5,5-66,1795,B-C,U,161,196,3,3,3,12,378,605,1,0,1,0,0,605
2180,11,6,6,7,6-3,1667,B-C,U,241,100,2,3,1,10,357,579,1,0,1,0,0,579
5258,2,2,17,17,2-61,650,B-C,U,82,238,29,3,1,11,364,587,1,0,2,0,0,587
5642,13,11,18,19,11-54,918,B-C,U,197,168,26,10,2,4,407,590,1,0,1,0,0,590
5156,14,14,9,17,14-71,326,B-C,M,142,114,14,1,2,8,281,555,1,0,2,0,0,555
3250,15,9,11,11,9-43,973,B-C,U,208,168,13,4,1,8,402,744,1,0,1,0,0,744
3883,13,11,18,13,11-67,36,B-C,R,94,110,7,1,3,6,221,404,0,0,1,0,1,404
4456,12,12,15,15,12-51,412,B-C,U,171,238,40,3,8,0,460,693,0,1,2,0,0,693
1500,5,5,6,5,5-42,1829,B-C,U,161,195,8,0,2,5,371,548,1,0,1,0,0,548
6644,14,14,22,22,14-78,1204,B-C,U,75,105,72,2,2,14,270,449,0,0,2,0,0,449
1903,6,3,7,7,3-45,1385,B-C,U,130,194,2,3,1,10,340,500,1,0,1,0,0,500
3997,8,8,14,13,8-96,2189,B-C,U,222,113,33,14,3,12,397,571,0,0,2,0,0,571
4484,12,12,15,15,12-7,438,B-C,U,109,112,27,3,7,6,264,408,0,0,2,0,0,408
1787,11,6,21,6,6-47,1616,B-C,U,145,153,17,5,0,10,330,470,0,0,1,0,0,470
5148,14,14,9,17,14-70,323,B-C,R,88,144,22,2,1,5,262,446,0,0,2,0,1,446
3265,15,9,12,11,9-57,993,B-C,U,143,156,3,5,2,9,318,524,1,0,1,0,0,524
62,1,4,1,1,4-25,797,E,R,98,194,9,1,0,24,326,571,1,0,1,1,1,571
997,6,3,4,4,3-19,1297,B-C,U,206,169,12,3,4,0,394,733,1,0,1,0,0,733
6729,14,14,22,22,14-100,2733,B-C,U,148,197,7,0,0,7,359,522,0,0,2,0,0,522
3447,9,9,11,11,9-23,1142,B-C,M,178,78,10,2,7,17,292,622,1,0,1,0,0,622
2867,7,7,10,10,7-8,2044,B-C,M,88,247,6,0,1,10,352,643,1,0,1,0,0,643
687,3,5,3,3,5-11,1681,B-C,U,204,225,9,2,1,11,452,734,0,1,1,0,0,734
1474,5,5,5,5,5-60,1813,B-C,U,219,244,13,1,1,10,488,634,1,0,1,0,0,634
4295,8,8,17,14,8-28,2621,B-C,U,158,262,13,4,1,7,445,634,1,0,2,0,0,634
3,1,4,1,1,4-1,752,B-C,M,155,172,4,8,2,13,354,633,1,0,1,0,0,633
6057,10,10,20,20,10-73,2809,B-C,U,140,178,21,7,6,14,366,666,1,0,2,0,0,666
2081,11,6,21,7,6-34,1634,B-C,U,236,218,12,3,5,27,501,750,0,1,1,0,0,750
1620,6,6,7,6,6-57,1519,B-C,U,146,164,6,2,0,9,327,433,0,0,1,0,0,433
2439,9,7,13,8,7-73,2668,B-C,U,167,180,12,4,1,4,368,547,1,0,1,0,0,547
3981,8,8,14,13,8-92,2184,B-C,U,157,168,27,9,7,17,385,648,1,0,2,0,0,648
2028,11,6,21,7,6-36,1585,B-C,U,189,237,10,2,1,11,450,679,1,0,1,0,0,679
1304,6,6,7,5,6-62,1444,B-C,U,121,128,10,7,0,5,271,381,0,0,1,0,0,381
74,1,4,8,1,4-32,806,B-C,R,107,87,10,5,0,16,225,469,0,0,1,0,1,469
4035,8,8,14,13,8-60,2231,B-C,R,107,245,6,4,6,17,385,584,1,0,2,0,1,584
1942,6,3,4,7,3-64,1413,B-C,U,137,163,7,3,1,6,317,492,0,0,1,0,0,492
2677,2,2,9,9,2-42,212,B-C,R,102,90,8,4,0,12,216,375,0,0,2,0,1,375
6363,10,10,20,21,10-27,2296,B-C,U,70,215,12,0,0,18,315,577,0,0,2,0,0,577
1634,6,6,7,6,6-55,1530,B-C,U,158,211,7,2,1,8,387,608,1,0,1,0,0,608
782,5,5,7,3,5-23,1726,B-C,U,212,153,13,4,2,6,390,492,0,0,1,0,0,492
1833,11,6,6,6,6-12,1656,B-C,R,140,121,4,1,0,8,274,442,0,0,1,0,1,442
3063,7,7,10,10,7-45,2478,B-C,U,157,250,4,2,1,2,416,662,1,0,1,0,0,662
4272,8,8,17,14,8-35,2611,B-C,U,91,177,6,2,5,7,288,418,0,0,2,0,0,418
51,1,4,1,1,4-21,793,B-C,M,113,209,5,7,0,19,353,606,1,0,1,0,0,606
6336,10,10,20,21,10-20,2282,B-C,U,82,131,25,8,2,15,263,485,0,0,2,0,0,485
6465,14,14,22,22,14-3,57,B-C,U,49,159,26,7,1,9,251,478,0,0,2,0,0,478
3760,9,9,11,12,9-6,1138,B-C,U,146,173,4,1,3,14,341,559,1,0,1,0,0,559
4861,12,12,15,16,12-15,472,B-C,U,136,139,25,6,5,15,326,587,1,0,2,0,0,587
5413,13,11,10,18,11-82,738,B-C,R,142,159,57,4,1,32,395,623,1,0,1,0,1,623
4204,8,8,14,14,8-38,2201,B-C,R,75,114,8,3,0,9,209,420,0,0,2,0,1,420
5425,7,11,18,18,11-43,1914,B-C,U,108,113,3,0,3,5,232,414,0,0,1,0,0,414
2967,13,7,13,10,7-29,2100,B-C,R,29,73,74,2,6,31,215,431,0,0,1,0,1,431
460,1,1,2,2,1-51,2560,B-C,U,168,159,19,6,2,20,374,583,1,0,2,0,0,583
2016,11,6,21,7,6-41,1582,B-C,U,126,151,13,3,0,4,297,403,0,0,1,0,0,403
668,3,5,3,3,5-5,1677,B-C,U,204,151,1,3,2,12,373,662,1,0,1,0,0,662
3067,7,7,10,10,7-43,2479,B-C,U,119,209,12,0,0,6,346,588,1,0,1,0,0,588
4490,12,13,15,15,13-3,449,B-C,M,154,220,19,1,3,9,406,530,1,0,2,0,0,530
858,5,5,7,3,5-44,1761,B-C,U,138,138,8,2,1,7,294,424,0,0,1,0,0,424
301,1,2,2,2,2-93,741,B-C,M,123,244,26,12,40,39,484,670,1,0,2,0,0,670
3787,15,4,12,12,4-109,1163,B-C,M,221,175,8,5,2,12,423,642,1,0,1,0,0,642
5656,13,11,18,19,11-52,924,B-C,R,70,123,41,31,1,12,278,387,0,0,1,0,1,387
537,1,1,2,2,1-56,2601,B-C,R,142,158,12,6,0,79,397,578,1,0,2,0,1,578
5584,7,11,18,18,11-30,1997,B-C,R,280,130,20,1,1,31,463,722,0,0,1,0,1,722
5852,13,13,19,19,13-86,2870,E,R,103,197,116,3,2,21,442,718,1,0,2,1,1,718
2971,13,7,13,10,7-30,2102,B-C,R,116,100,31,0,1,9,257,571,1,0,1,0,1,571
1112,3,3,7,4,3-33,1340,B-C,U,178,210,4,2,1,10,405,659,1,0,1,0,0,659
6364,10,10,20,21,10-28,2297,B-C,U,109,255,1,1,1,12,379,695,1,0,2,0,0,695
1073,6,3,7,4,3-30,1323,B-C,U,191,141,7,2,1,11,353,638,1,0,1,0,0,638
144,4,1,1,1,1-62,2368,B-C,R,90,207,10,8,3,15,333,534,1,0,1,0,1,534
3867,13,11,18,13,11-73,28,B-C,R,43,220,0,0,0,2,265,349,0,0,1,0,1,349
3259,15,9,11,11,9-27,987,B-C,U,176,230,12,8,4,21,451,709,1,0,1,0,0,709
738,3,5,3,3,5-19,1704,B-C,U,169,202,10,0,0,13,394,496,0,0,1,0,0,496
1398,5,5,7,5,5-58,1779,B-C,U,153,138,3,1,6,5,306,509,1,0,1,0,0,509
5950,10,10,20,20,10-10,1877,B-C,U,92,199,24,0,2,9,326,475,0,0,2,0,0,475
3785,15,4,12,12,4-109,1163,B-C,M,240,171,8,2,1,12,434,643,1,0,1,0,0,643
4850,12,13,15,16,13-5,465,B-C,U,122,130,13,6,1,11,283,463,0,0,2,0,0,463
580,1,1,2,2,1-24,2898,B-C,R,112,104,34,7,1,30,288,505,0,0,2,0,1,505
5189,2,2,17,17,2-50,617,B-C,U,161,207,26,4,9,11,418,651,1,0,2,0,0,651
3136,9,7,13,10,7-68,2684,B-C,U,188,183,11,7,6,17,412,709,1,0,1,0,0,709
58,1,4,1,1,4-24,796,B-C,R,178,122,7,4,1,14,326,568,1,0,1,0,1,568
5555,7,11,18,18,11-7,1982,B-C,R,80,170,23,17,2,12,304,722,1,0,1,0,1,722
685,3,5,3,3,5-11,1681,B-C,U,203,234,12,3,5,11,468,734,0,1,1,0,0,734
2029,11,6,21,7,6-38,1586,B-C,U,156,191,7,4,3,7,368,564,1,0,1,0,0,564
2621,2,2,9,9,2-33,179,B-C,R,98,178,2,2,0,12,292,447,0,0,2,0,1,447
309,1,2,2,2,2-95,746,B-C,R,83,237,4,3,17,13,357,477,0,0,2,0,1,477
5886,13,13,19,19,13-90,2881,B-C,R,45,143,68,12,7,38,313,551,1,0,2,0,1,551
3738,9,4,11,12,4-101,1125,B-C,R,129,138,7,8,0,17,299,547,1,0,1,0,1,547
3559,9,4,12,12,4-91,966,B-C,U,172,112,8,3,0,7,302,663,0,1,1,0,0,663
810,5,5,5,3,5-38,1739,B-C,U,186,209,7,2,2,8,414,601,1,0,1,0,0,601
1236,3,3,4,4,3-81,1496,B-C,NA,143,149,2,0,1,11,306,745,0,1,1,0,0,745
998,6,3,4,4,3-66,1297,B-C,U,213,159,14,6,0,18,410,733,1,0,1,0,0,733
2712,2,2,9,9,2-43,233,B-C,R,95,129,1,0,0,16,241,377,0,0,2,0,1,377
5956,10,10,20,20,10-9,1880,B-C,U,79,159,27,2,4,11,282,601,1,0,2,0,0,601
4655,8,8,17,15,8-16,2927,B-C,M,151,222,12,2,3,14,404,623,1,0,2,0,0,623
1599,5,5,5,5,5-73,3021,B-C,U,119,139,8,2,1,7,276,487,0,0,1,0,0,487
4116,8,8,14,14,8-78,2114,B-C,U,156,181,23,35,3,8,406,532,1,0,2,0,0,532
3210,9,9,11,11,9-29,937,B-C,U,186,216,19,6,8,21,456,743,1,0,1,0,0,743
6373,10,10,20,21,10-29,2302,B-C,R,86,94,11,6,0,16,213,385,0,0,2,0,1,385
3051,7,7,10,10,7-43,2476,B-C,U,118,166,5,0,2,8,299,530,1,0,1,0,0,530
3287,15,9,12,11,9-59,1020,B-C,U,159,169,20,5,4,21,378,641,0,0,1,0,0,641
5832,13,13,19,19,13-81,2863,B-C,M,23,129,89,3,0,26,270,525,1,0,2,0,0,525
609,1,1,2,2,1-11,2942,B-C,R,114,98,1,0,0,4,217,316,0,0,2,0,1,316
3390,15,9,11,11,9-48,1099,B-C,U,173,172,8,5,4,10,372,684,0,1,1,0,0,684
5091,14,14,9,17,14-58,296,B-C,U,148,189,30,4,5,15,391,629,1,0,2,0,0,629
1040,3,3,4,4,3-23,1310,B-C,U,176,195,9,7,2,11,400,651,1,0,1,0,0,651
2505,9,7,13,8,7-99,2707,B-C,R,120,105,6,6,1,11,249,409,0,0,1,0,1,409
2862,7,7,10,10,7-7,2043,B-C,R,116,261,3,1,0,7,388,562,1,0,1,0,1,562
2870,7,7,10,10,7-9,2045,B-C,R,124,222,2,2,1,8,359,664,1,0,1,0,1,664
311,1,2,2,2,2-98,747,B-C,R,181,185,21,1,22,19,429,595,1,0,2,0,1,595
3539,9,4,11,12,4-89,951,B-C,U,170,261,17,5,1,10,464,628,1,0,1,0,0,628
5628,7,11,18,18,11-26,2021,B-C,R,161,70,2,2,1,10,246,525,1,0,1,0,1,525
3083,7,7,10,10,7-51,2486,B-C,R,187,206,6,2,0,10,411,732,1,0,1,0,1,732
1747,11,6,6,6,6-75,1604,B-C,U,220,212,6,2,1,9,450,702,1,0,1,0,0,702
530,1,1,2,2,1-57,2599,B-C,R,127,92,17,3,3,19,261,537,1,0,2,0,1,537
2534,2,2,9,9,2-4,145,B-C,M,142,142,15,1,7,19,326,683,1,0,2,0,0,683
4734,12,12,16,16,12-28,352,B-C,U,139,167,20,2,4,15,347,633,1,0,2,0,0,633
175,4,1,1,1,1-84,2383,B-C,U,216,127,11,1,1,14,370,586,1,0,1,0,0,586
2238,4,4,8,8,4-49,847,B-C,U,130,82,14,7,1,7,241,376,0,0,1,0,0,376
3054,7,7,10,10,7-44,2477,B-C,U,121,240,12,0,1,12,386,702,0,1,1,0,0,702
5354,7,11,10,18,11-101,591,B-C,R,140,82,22,20,1,19,284,591,0,0,1,0,1,591
1054,3,3,7,4,3-25,1318,B-C,U,133,129,4,3,0,7,276,411,0,0,1,0,0,411
5175,2,2,17,17,2-56,612,B-C,M,88,224,20,2,2,17,353,630,1,0,2,0,0,630
2083,11,6,21,7,6-34,1634,B-C,U,197,246,13,3,3,6,468,749,0,1,1,0,0,749
3744,9,4,11,12,4-102,1129,B-C,U,87,208,0,21,0,4,320,612,1,0,1,0,0,612
2866,7,7,10,10,7-8,2044,B-C,M,92,277,5,1,0,7,382,643,1,0,1,0,0,643
5060,14,14,22,17,14-52,284,B-C,R,83,101,11,2,53,0,250,522,0,0,2,0,1,522
6155,10,10,20,20,10-92,2993,B-C,U,58,161,6,2,0,4,231,526,1,0,2,0,0,526
2320,4,4,8,8,4-63,879,B-C,U,197,197,27,6,6,23,456,617,1,0,1,0,0,617
5069,14,14,9,17,14-57,289,B-C,U,172,254,28,10,4,20,488,738,1,0,2,0,0,738
5737,13,13,19,19,13-59,2825,B-C,U,45,203,59,4,3,20,334,507,1,0,2,0,0,507
5407,13,11,10,18,11-83,733,B-C,R,49,110,112,1,1,25,298,450,0,0,1,0,1,450
3780,15,9,12,12,9-19,1157,B-C,M,169,118,4,5,1,10,307,570,1,0,1,0,0,570
4004,8,8,14,13,8-93,2192,B-C,U,128,143,15,11,3,11,311,465,0,0,2,0,0,465
6576,14,14,22,22,14-1,114,B-C,M,43,105,62,5,1,24,240,519,1,0,2,0,0,519
4331,8,8,17,14,8-32,2633,B-C,M,85,228,50,3,0,14,380,639,1,0,2,0,0,639
2053,6,6,4,7,6-28,1632,B-C,NA,176,220,12,4,2,10,424,743,0,1,1,0,0,743
4910,2,12,16,16,12-67,511,B-C,R,125,137,13,6,1,15,297,549,1,0,2,0,1,549
4291,8,8,17,14,8-30,2619,B-C,U,114,143,8,9,4,8,286,401,0,0,2,0,0,401
5706,13,13,19,19,13-53,1198,B-C,R,116,123,6,0,0,5,250,396,0,0,2,0,1,396
6442,10,10,20,21,10-43,2340,B-C,R,34,149,10,3,1,0,197,397,0,0,2,0,1,397
2802,1,4,8,9,4-35,809,E,R,98,250,9,13,3,23,396,680,1,0,1,1,1,680
6504,14,14,22,22,14-11,77,B-C,U,98,168,36,8,6,31,347,670,1,0,2,0,0,670
1954,6,3,7,7,3-57,1417,B-C,U,122,128,4,1,2,1,258,403,0,0,1,0,0,403
2675,2,2,9,9,2-42,211,B-C,R,97,109,15,2,2,18,243,428,0,0,2,0,1,428
1553,5,6,6,5,6-80,1853,B-C,U,149,149,9,3,2,11,323,523,1,0,1,0,0,523
3553,9,4,12,12,4-91,966,B-C,U,210,104,2,2,3,2,323,664,0,1,1,0,0,664
1680,11,6,21,6,6-43,1559,B-C,U,182,230,20,1,2,8,443,669,1,0,1,0,0,669
6176,10,10,20,20,10-99,3004,B-C,R,77,64,18,1,1,18,179,386,0,0,2,0,1,386
4843,12,12,15,16,12-13,460,B-C,U,106,229,36,7,8,11,397,629,1,0,2,0,0,629
5434,7,11,18,18,11-40,1918,B-C,U,125,161,7,1,0,9,303,446,0,0,1,0,0,446
4123,8,8,14,14,8-80,2119,B-C,U,228,216,23,15,7,10,499,685,0,0,2,0,0,685
4676,12,12,16,16,12-39,336,B-C,U,147,218,32,5,8,11,421,727,0,1,2,0,0,727
1212,6,3,4,4,3-73,1486,B-C,R,343,159,8,4,0,38,552,717,0,0,1,0,1,717
4284,8,8,17,14,8-31,2615,B-C,U,155,210,21,5,3,9,403,592,1,0,2,0,0,592
3177,9,7,13,10,7-90,2719,B-C,M,134,155,8,2,0,11,310,622,1,0,1,0,0,622
6216,10,13,19,21,13-25,678,B-C,U,95,160,14,1,5,9,284,400,0,0,2,0,0,400
2185,11,6,6,7,6-2,1669,B-C,R,122,126,36,9,0,20,313,558,1,0,1,0,1,558
417,1,1,2,2,1-43,2545,B-C,U,128,143,18,6,7,18,320,635,1,0,2,0,0,635
4795,12,12,16,16,12-5,421,B-C,U,108,119,16,4,3,6,256,380,0,0,2,0,0,380
4231,8,8,14,14,8-45,2216,B-C,R,113,203,14,5,0,27,362,665,1,0,2,0,1,665
5707,13,13,19,19,13-53,1198,B-C,R,97,123,4,0,0,6,230,395,0,0,2,0,1,395
5490,7,11,18,18,11-34,1949,B-C,R,57,150,4,5,1,18,235,443,0,0,1,0,1,443
3223,15,9,11,11,9-32,947,B-C,U,126,201,11,3,4,7,352,576,1,0,1,0,0,576
4770,12,12,15,16,12-2,391,B-C,U,145,168,11,3,1,12,340,488,0,0,2,0,0,488
6378,10,10,20,21,10-26,2306,B-C,R,77,143,15,0,0,7,242,503,1,0,2,0,1,503
3248,15,9,11,11,9-43,973,B-C,U,211,188,11,2,5,9,426,744,1,0,1,0,0,744
110,4,1,1,1,1-63,2348,B-C,U,166,208,13,29,2,13,431,676,1,0,1,0,0,676
5362,7,11,10,18,11-101,597,B-C,R,135,116,9,12,1,10,283,548,1,0,1,0,1,548
4854,12,12,15,16,12-14,471,B-C,U,175,209,30,9,8,19,450,739,1,0,2,0,0,739
5028,14,14,22,17,14-45,263,B-C,R,169,76,82,4,7,15,353,526,1,0,2,0,1,526
141,4,1,1,1,1-67,2366,B-C,R,141,117,6,11,0,16,291,652,0,0,1,0,1,652
729,3,5,3,3,5-19,1699,B-C,U,118,135,11,3,2,6,275,392,0,0,1,0,0,392
1225,6,3,4,4,3-82,1495,B-C,M,169,160,10,1,1,25,366,746,1,0,1,0,0,746
35,1,4,1,1,4-19,781,B-C,R,83,275,11,2,1,14,386,676,1,0,1,0,1,676
2948,13,7,13,10,7-31,2086,B-C,R,142,98,44,0,2,28,314,556,1,0,1,0,1,556
5211,2,2,17,17,2-51,628,B-C,R,136,80,2,2,0,13,233,415,0,0,2,0,1,415
813,5,5,5,3,5-55,1741,B-C,U,176,160,6,3,2,7,354,650,1,0,1,0,0,650
5102,14,14,9,17,14-61,301,E,R,174,18,47,3,3,11,256,252,1,0,2,1,1,252
3329,15,9,12,11,9-65,1065,B-C,U,160,118,2,0,0,5,285,535,1,0,1,0,0,535
3923,13,8,18,13,8-4,2031,B-C,R,93,249,12,3,1,12,370,540,1,0,1,0,1,540
6562,14,14,22,22,14-21,105,B-C,R,94,95,60,1,3,19,272,466,0,0,2,0,1,466
3056,7,7,10,10,7-44,2477,B-C,U,133,269,6,4,0,8,420,702,0,1,1,0,0,702
5359,7,11,10,18,11-104,595,B-C,R,82,63,30,6,0,6,187,285,0,0,1,0,1,285
2812,1,4,8,9,4-34,815,B-C,R,62,121,8,3,3,34,231,402,0,0,1,0,1,402
3257,15,9,11,11,9-27,987,B-C,U,183,256,24,4,1,7,475,710,1,0,1,0,0,710
3159,9,7,13,10,7-86,2709,B-C,U,140,78,17,2,2,18,257,617,1,0,1,0,0,617
2863,7,7,10,10,7-7,2043,B-C,R,180,203,3,1,0,7,394,562,1,0,1,0,1,562
6530,14,14,22,22,14-17,87,B-C,R,42,46,23,2,0,5,118,332,0,0,2,0,1,332
526,1,1,2,2,1-55,2597,B-C,R,74,194,20,7,1,27,323,565,1,0,2,0,1,565
451,1,1,2,2,1-46,2557,B-C,U,119,151,15,10,8,16,319,566,1,0,2,0,0,566
6630,14,14,22,22,14-75,654,B-C,M,144,232,66,20,1,21,484,731,1,0,2,0,0,731
5893,13,13,19,19,13-95,2883,B-C,U,22,120,100,5,1,28,276,534,1,0,2,0,0,534
4980,12,13,15,16,13-19,564,B-C,M,103,279,6,3,1,14,406,742,0,0,2,0,0,742
2952,13,7,13,10,7-24,2088,B-C,R,162,202,85,2,3,10,464,653,1,0,1,0,1,653
4034,8,8,14,13,8-60,2231,B-C,R,69,229,6,5,1,12,322,584,1,0,2,0,1,584
2328,4,4,8,8,4-71,885,E,R,26,89,4,0,0,2,121,256,0,0,1,1,1,256
3789,15,9,12,12,9-17,1167,B-C,M,183,143,3,4,0,12,345,565,1,0,1,0,0,565
3294,15,9,12,11,9-66,1035,B-C,U,188,146,22,6,3,11,376,591,1,0,1,0,0,591
5317,14,10,15,17,10-61,2777,B-C,R,143,168,20,0,4,11,346,744,1,0,2,0,1,744
1141,3,3,7,4,3-35,1355,B-C,U,160,203,9,2,1,15,390,591,1,0,1,0,0,591
657,3,5,3,3,5-7,1674,B-C,U,173,217,13,3,5,10,421,660,1,0,1,0,0,660
2006,11,6,21,7,6-40,1561,B-C,U,202,265,26,7,6,14,520,712,1,0,1,0,0,712
362,2,2,2,2,2-71,2520,B-C,R,132,130,19,4,0,9,294,510,1,0,2,0,1,510
391,2,2,2,2,2-73,2533,B-C,R,131,93,20,7,1,0,252,383,0,0,2,0,1,383
6402,10,10,20,21,10-35,2319,B-C,U,128,149,25,4,1,12,319,617,1,0,2,0,0,617
2167,6,6,4,7,6-4,1660,B-C,U,226,131,5,1,1,14,378,615,1,0,1,0,0,615
4996,14,14,22,17,14-39,249,B-C,U,97,185,13,36,39,17,387,504,1,0,2,0,0,504
699,3,5,3,3,5-16,1687,B-C,U,276,245,5,1,3,9,539,726,1,0,1,0,0,726
1741,11,6,6,6,6-76,1601,B-C,U,164,171,14,2,1,5,357,594,1,0,1,0,0,594
5049,14,14,22,17,14-50,276,B-C,R,94,69,10,4,62,16,255,438,0,0,2,0,1,438
5600,7,11,18,18,11-17,2007,B-C,R,81,110,5,1,0,3,200,544,1,0,1,0,1,544
2214,4,4,8,8,4-45,834,B-C,U,188,135,20,11,4,25,383,608,1,0,1,0,0,608
217,4,1,1,1,1-68,2404,B-C,R,166,81,2,1,0,11,261,437,0,0,1,0,1,437
5513,7,11,18,18,11-6,1963,B-C,R,108,126,14,2,2,17,269,503,1,0,1,0,1,503
6431,10,10,20,21,10-31,2334,B-C,R,65,129,5,0,1,5,205,423,0,0,2,0,1,423
2239,4,4,8,8,4-49,847,B-C,U,99,100,14,13,2,6,234,375,0,0,1,0,0,375
5637,13,11,18,19,11-53,916,B-C,U,153,183,50,9,3,0,398,649,1,0,1,0,0,649
2294,4,4,8,8,4-55,874,B-C,U,206,229,18,5,4,10,472,665,1,0,1,0,0,665
3458,9,9,11,11,9-10,1151,B-C,M,76,184,10,1,0,18,289,538,1,0,1,0,0,538
1375,5,5,5,5,5-49,1494,B-C,M,203,142,2,1,2,19,369,683,0,1,1,0,0,683
3541,15,9,11,12,9-38,952,B-C,U,116,170,8,2,2,0,298,398,0,0,1,0,0,398
1118,6,3,4,4,3-29,1343,B-C,U,173,164,10,3,1,7,358,539,1,0,1,0,0,539
1731,11,6,6,6,6-72,1595,B-C,U,171,139,4,7,1,6,328,525,1,0,1,0,0,525
3233,15,9,11,11,9-34,957,B-C,U,115,130,12,3,1,11,272,501,1,0,1,0,0,501
785,5,5,7,3,5-36,1728,B-C,U,208,217,5,4,1,18,453,610,0,0,1,0,0,610
3098,7,7,10,10,7-52,2494,B-C,R,177,111,1,2,0,23,314,510,1,0,1,0,1,510
1578,5,5,5,5,5-80,3012,B-C,U,136,151,2,2,1,7,299,518,1,0,1,0,0,518
5545,7,11,18,18,11-32,1977,B-C,R,162,164,7,1,2,11,347,571,1,0,1,0,1,571
5861,13,13,19,19,13-88,2873,B-C,U,39,94,55,96,10,32,326,516,1,0,2,0,0,516
1840,11,6,6,6,6-17,1658,B-C,R,218,131,5,3,1,18,376,672,1,0,1,0,1,672
1152,6,3,7,4,3-44,1363,B-C,U,203,214,6,10,0,11,444,709,1,0,1,0,0,709
3977,8,8,14,13,8-91,2182,B-C,U,130,150,12,8,1,11,312,470,0,0,2,0,0,470
3022,7,7,10,10,7-42,2467,B-C,U,108,159,3,0,1,4,275,449,0,0,1,0,0,449
3676,15,9,12,12,9-77,1059,B-C,U,202,199,6,3,1,11,422,707,0,1,1,0,0,707
2480,9,7,13,8,7-76,2692,B-C,R,166,145,18,1,3,11,344,642,1,0,1,0,1,642
5941,10,10,20,20,10-7,1873,B-C,U,56,164,25,6,2,66,319,664,1,0,2,0,0,664
1740,11,6,6,6,6-76,1600,B-C,U,170,186,11,2,0,14,383,588,1,0,1,0,0,588
3343,15,9,12,11,9-69,1075,B-C,U,168,109,7,5,0,15,304,545,1,0,1,0,0,545
4561,2,12,16,15,12-64,514,B-C,M,185,227,23,6,7,16,464,688,1,0,2,0,0,688
6059,10,10,20,20,10-73,2809,B-C,U,140,196,22,5,1,12,376,665,1,0,2,0,0,665
4377,12,12,16,15,12-43,347,B-C,NA,160,203,32,5,7,10,417,720,0,1,2,0,0,720
4092,8,8,14,13,8-55,2259,B-C,R,42,165,18,5,3,17,250,457,0,0,2,0,1,457
4438,12,12,15,15,12-8,393,B-C,U,153,200,24,8,4,7,396,509,1,0,2,0,0,509
5552,7,11,18,18,11-16,1981,B-C,R,146,171,14,9,4,11,355,509,1,0,1,0,1,509
4276,8,8,17,14,8-21,2612,B-C,U,127,256,11,5,5,0,404,635,1,0,2,0,0,635
2398,4,4,8,8,4-64,915,B-C,U,186,151,34,6,2,9,388,635,1,0,1,0,0,635
4199,8,8,14,14,8-89,2175,B-C,U,106,95,16,4,1,6,228,376,0,0,2,0,0,376
1799,11,6,6,6,6-74,1626,B-C,U,205,208,3,1,2,14,433,707,1,0,1,0,0,707
840,5,5,5,3,5-63,1752,B-C,U,199,190,5,2,1,7,404,643,1,0,1,0,0,643
3706,15,9,12,12,9-80,1109,B-C,U,112,166,11,0,4,8,301,416,0,0,1,0,0,416
166,4,1,1,1,1-87,2380,B-C,U,191,139,21,4,5,19,379,630,1,0,1,0,0,630
2730,1,4,1,9,4-7,760,B-C,U,203,200,10,4,5,11,433,716,1,0,1,0,0,716
1496,5,5,5,5,5-71,1827,B-C,U,198,241,14,1,4,10,468,642,1,0,1,0,0,642
4906,2,12,16,16,12-66,507,B-C,U,139,162,15,10,1,9,336,557,1,0,2,0,0,557
6172,10,10,20,20,10-97,3002,B-C,R,99,85,2,3,1,14,204,433,0,0,2,0,1,433
1728,11,6,6,6,6-70,1594,B-C,U,217,198,18,1,2,17,453,678,1,0,1,0,0,678
2761,1,4,8,9,4-8,772,B-C,U,153,152,5,3,0,11,324,644,1,0,1,0,0,644
6041,10,10,20,20,10-66,2804,B-C,U,143,251,11,3,1,0,409,706,1,0,2,0,0,706
4846,12,12,15,16,12-11,461,B-C,U,173,143,121,2,5,13,457,612,0,0,2,0,0,612
4318,8,8,17,14,8-19,2628,B-C,R,64,152,34,0,0,6,256,429,0,0,2,0,1,429
55,1,4,1,1,4-24,794,B-C,R,103,136,9,5,1,25,279,532,1,0,1,0,1,532
641,3,5,3,3,5-15,1282,E,U,205,212,20,4,1,17,459,721,0,1,1,1,0,721
1494,5,5,6,5,5-42,1826,B-C,U,205,258,14,3,3,52,535,648,1,0,1,0,0,648
5777,13,13,19,19,13-66,2842,B-C,U,42,168,68,5,2,42,327,613,1,0,2,0,0,613
4500,12,13,15,15,13-6,468,B-C,U,126,193,18,8,3,10,358,532,1,0,2,0,0,532
796,5,5,5,3,5-55,1732,B-C,U,192,168,4,2,0,6,372,652,1,0,1,0,0,652
478,1,1,2,2,1-38,2574,B-C,R,89,165,2,2,1,9,268,507,1,0,2,0,1,507
1570,5,5,5,5,5-77,3008,B-C,U,109,119,5,1,4,5,243,423,0,0,1,0,0,423
5793,13,13,19,19,13-70,2847,B-C,U,42,158,73,2,3,16,294,591,1,0,2,0,0,591
3192,9,7,13,10,7-94,2728,B-C,R,150,86,6,2,0,7,251,508,1,0,1,0,1,508
3621,15,9,12,12,9-63,1002,B-C,U,100,134,6,2,5,6,253,491,0,0,1,0,0,491
5009,14,14,22,17,14-40,254,B-C,U,73,116,8,8,75,8,288,482,0,0,2,0,0,482
472,1,1,2,2,1-39,2572,B-C,R,77,127,14,8,12,21,259,469,0,0,2,0,1,469
4464,12,12,15,15,12-54,415,B-C,U,153,246,23,7,7,14,450,590,1,0,2,0,0,590
995,6,3,4,4,3-19,1297,B-C,U,193,178,6,7,4,11,399,734,1,0,1,0,0,734
6551,14,14,22,22,14-25,99,B-C,R,36,74,34,3,1,16,164,550,1,0,2,0,1,550
6300,10,10,20,21,10-16,2263,B-C,U,164,201,31,8,3,8,415,694,1,0,2,0,0,694
2833,7,7,10,10,7-2,2035,B-C,U,132,378,6,5,1,9,531,747,1,0,1,0,0,747
3332,15,9,12,11,9-64,1066,B-C,U,146,127,12,1,5,7,298,493,0,0,1,0,0,493
3648,15,9,12,12,9-67,1034,B-C,U,148,128,14,1,2,6,299,542,1,0,1,0,0,542
3337,15,9,12,11,9-65,1069,B-C,U,143,105,15,1,1,7,272,509,1,0,1,0,0,509
5037,14,14,22,17,14-45,269,B-C,R,115,187,30,0,39,17,388,616,1,0,2,0,1,616
2965,13,7,13,10,7-29,2099,B-C,R,49,62,91,0,1,18,221,421,0,0,1,0,1,421
4040,8,8,14,13,8-59,2233,B-C,M,108,182,7,2,3,12,314,609,1,0,2,0,0,609
5233,2,2,17,17,2-67,638,B-C,R,121,188,13,5,2,19,348,608,1,0,2,0,1,608
991,3,3,3,4,3-16,1295,B-C,U,194,156,13,5,3,7,378,597,1,0,1,0,0,597
5209,2,2,17,17,2-52,627,B-C,R,84,180,6,3,0,16,289,674,1,0,2,0,1,674
6151,10,10,20,20,10-91,2992,B-C,R,102,134,3,4,0,10,253,595,1,0,2,0,1,595
4878,2,12,16,16,12-61,495,B-C,R,190,136,3,4,1,14,348,578,1,0,2,0,1,578
2404,9,7,13,8,7-59,2654,B-C,U,146,150,13,3,2,28,342,649,1,0,1,0,0,649
6679,14,14,22,22,14-83,1225,B-C,R,57,88,85,2,6,23,261,575,1,0,2,0,1,575
3914,13,8,18,13,8-1,2027,B-C,U,105,163,8,1,8,7,292,420,0,0,1,0,0,420
6113,10,10,20,20,10-84,2968,B-C,R,320,152,5,5,1,9,492,676,0,0,2,0,1,676
6134,10,10,20,20,10-86,2982,B-C,R,151,84,12,2,0,8,257,586,0,0,2,0,1,586
2673,2,2,9,9,2-36,210,B-C,R,138,71,8,5,2,17,241,446,0,0,2,0,1,446
265,4,1,1,1,1-92,2430,B-C,R,171,114,7,2,0,15,309,485,0,0,1,0,1,485
5585,7,11,18,18,11-30,1998,B-C,R,201,127,10,1,0,16,355,594,1,0,1,0,1,594
4559,2,12,16,15,12-63,513,B-C,U,205,155,12,2,1,6,381,596,1,0,2,0,0,596
4579,12,12,15,15,12-57,529,B-C,M,139,158,12,3,0,14,326,621,1,0,2,0,0,621
1659,5,6,6,6,6-69,1547,B-C,U,186,275,11,2,3,0,477,715,1,0,1,0,0,715
3717,15,9,12,12,9-80,1112,B-C,U,199,216,21,2,6,13,457,718,0,0,1,0,0,718
908,3,3,3,4,3-1,1265,B-C,U,204,152,12,3,2,22,395,683,1,0,1,0,0,683
5963,10,10,20,20,10-11,1883,B-C,U,95,177,23,2,6,11,314,625,1,0,2,0,0,625
2014,11,6,21,7,6-44,1565,B-C,U,129,204,19,1,8,7,368,478,0,0,1,0,0,478
1646,6,6,6,6,6-61,1539,B-C,U,162,190,0,6,1,4,363,576,1,0,1,0,0,576
6292,10,13,19,21,13-43,712,B-C,U,54,131,26,11,0,15,237,603,0,0,2,0,0,603
4593,12,13,15,15,13-14,538,B-C,R,116,150,7,2,1,6,282,452,1,0,2,0,1,452
5509,7,11,18,18,11-3,1962,B-C,R,58,240,16,5,1,19,339,569,1,0,1,0,1,569
4061,8,8,14,13,8-62,2243,B-C,U,78,164,12,6,0,12,272,557,1,0,2,0,0,557
1300,5,5,7,5,5-31,1425,B-C,U,203,171,10,3,1,9,397,596,0,0,1,0,0,596
247,4,1,1,1,1-82,2420,B-C,R,174,130,4,5,1,18,332,541,1,0,1,0,1,541
4804,12,12,16,16,12-17,425,B-C,U,116,109,11,0,0,12,248,482,0,0,2,0,0,482
806,5,5,7,3,5-28,1737,B-C,U,141,172,3,2,2,6,326,515,1,0,1,0,0,515
1286,6,3,4,4,3-88,1508,B-C,R,350,88,4,1,0,12,455,666,1,0,1,0,1,666
2720,2,2,9,9,2-20,239,B-C,R,63,77,5,1,0,14,160,338,0,0,2,0,1,338
6736,14,14,22,22,14-102,2737,B-C,U,112,121,14,3,0,17,267,423,0,0,2,0,0,423
1511,5,5,5,5,5-74,1834,B-C,U,136,150,5,0,3,50,344,574,1,0,1,0,0,574
19,1,4,1,1,4-4,758,B-C,U,177,210,19,5,1,18,430,718,1,0,1,0,0,718
4184,8,8,14,14,8-88,2163,B-C,M,158,135,18,3,5,19,338,676,1,0,2,0,0,676
6676,14,14,22,22,14-83,1224,B-C,R,20,67,37,1,1,12,138,404,0,0,2,0,1,404
922,3,3,3,4,3-4,1274,B-C,U,157,172,9,2,3,42,385,581,1,0,1,0,0,581
6482,14,14,22,22,14-8,66,B-C,U,95,110,22,2,4,10,243,389,0,0,2,0,0,389
3764,9,4,11,12,4-104,1140,B-C,R,103,143,5,1,5,20,277,446,1,0,1,0,1,446
3835,13,11,18,13,11-81,13,B-C,R,147,197,33,9,2,31,419,689,0,0,1,0,1,689
